Timestamp,Username,Name,Student ID,Name of AI/ML Projects (Write Name of Project Similar to the Name Published on Github)(if No Projects Write N/A),Description of Projects (if 0 Projects then write NA),Github Profile/link,Linkedin Profile/link,Have you Done any Intership Before?,If Yes Specify what was Your Role there and a brief Info about Internship,Have You Attended Any Hackthon And Won it?,Events Attended during academic year 2025-2026,Any Blog link (if you want to post on website),Passport size photo,Are You Willing to be Member of AI club for academic year 2026-2027?,Anything Extra You want to add about yourself in club website,Suggestions for new Website
2026/05/17 10:44:38 PM GMT+5:30,202401472@dau.ac.in,Saumya Shah,202401472,F1-Prediction-Hub,"A full-stack Formula 1 website with live standings, driver/team information, and ML-powered race predictions.",https://github.com/saumyashah0510,https://www.linkedin.com/in/saumya-shah-5bb8602b4/,No,,Attended,EDA Session;Linear Regression;Wearable AI,,https://drive.google.com/u/0/open?usp=forms_web&id=1kHcVHLCWTm5KfsO7rxtL7Hi-t4oAtAyY,Yes,,
2026/05/19 10:14:56 AM GMT+5:30,202501486@dau.ac.in,Sanket Agarwal,202501486,N/A,N/A,N/A,https://www.linkedin.com/in/sanket-agarwal-2b606b3a3?utm_source=share_via&utm_content=profile&utm_medium=member_android,No,,Not Attended,Worldquant,,https://drive.google.com/u/0/open?usp=forms_web&id=1-9NLV4J-Vb_gPlB6DKQFKeF6UmWkILfs,Yes,"I have a strong interest in problem-solving and competitive programming, and I’m now extending that mindset into Artificial Intelligence. I enjoy breaking down complex problems and am excited to explore how AI can be used to build intelligent and impactful solutions.","Weekly AI updates
Upcoming events of the club"
2026/05/19 3:44:09 PM GMT+5:30,202501086@dau.ac.in,Parth Garg,202501086,N/A,NA,https://github.com/gargparth2406-creator,https://www.linkedin.com/in/parth-garg-024b40379?utm_source=share_via&utm_content=profile&utm_medium=member_android,No,,Attended,Worldquant;Integration Bee;EDA Session;Intro To Python;Linear Regression;Wearable AI,,https://drive.google.com/u/0/open?usp=forms_web&id=14wJzfJ9thbBxZ5mKUCCFI5ouG_QmTQ2R,Yes,,
2026/05/19 3:48:56 PM GMT+5:30,202401112@dau.ac.in,Manal Patel,202401112,NA,0,https://github.com/manalPatel2557,https://www.linkedin.com/in/manal-patel-a87b11382/,No,,Attended,Worldquant;Integration Bee;EDA Session;Intro To Python;Linear Regression;Wearable AI,,https://drive.google.com/u/0/open?usp=forms_web&id=1SIbjNc7hzjt7sYUAUcZNALAYCR3jG1Vq,Yes,,
2026/05/19 10:15:20 PM GMT+5:30,202503047@dau.ac.in,Makavana axit,202503047,N/A,N/A,N/A,N/A,No,,Attended,EDA Session;Intro To Python;Linear Regression;Wearable AI,,,Yes,,
2026/05/19 11:01:36 PM GMT+5:30,202511052@dau.ac.in,Kush Ashvinbhai Patel,202511052,ShelfMind-AI,"ShelfMind AI is an end-to-end, computer vision-driven retail intelligence application. It automatically monitors retail shelves, detects products with high precision, generates planograms, and checks for out-of-stock (OOS) or compliance issues in real-time",https://github.com/Kush5699,https://www.linkedin.com/in/kush-patel-6a074b258 ,No,,Attended,Linear Regression,,,Yes,,
2026/05/20 9:03:20 AM GMT+5:30,202501009@dau.ac.in,Rushil Dangar,202501009,N/A,NA,https://github.com/Cybernyte-31,https://www.linkedin.com/in/rushil-dangar-42304632b?utm_source=share&utm_campaign=share_via&utm_content=profile&utm_medium=android_app,No,,Attended,Integration Bee;Intro To Python;Wearable AI,,https://drive.google.com/u/0/open?usp=forms_web&id=1dwvTHcgTlgdKJZLJCcrpu3-SwrjN-yQQ,Yes,"I am a B.tech ICT student in DAU, with a strong interest in AI, Robotics and programming. I have experience with C, C++, and Python. I aim to strengthen my knowledge and keep learning in this field.
",
2026/05/20 2:35:59 PM GMT+5:30,202501087@dau.ac.in,Aaditya Sarda,202501087,N/A,NA,https://github.com/Aadityasarda-25,https://www.linkedin.com/in/aaditya-sarda-426357371?utm_source=share_via&utm_content=profile&utm_medium=member_android,No,,Attended,Worldquant;Integration Bee;EDA Session;Intro To Python;Linear Regression;Wearable AI,,https://drive.google.com/u/0/open?usp=forms_web&id=1JNdHeervqQcR3F1YxM5_5mH_RSgceBVv,Yes,"Turning complex math, messy data, and a lot of curiosity into working AI systems",If the website is just about information and text-text then it would be boring and not interactive. It should have photos of our events held something interactive like a basic tic tac toe or anything a small chatbot type something but should not be boring just like a plain wikipedia. Also it should have contact number of all core members and mentors and any project done by our seniors or current core. 
2026/05/20 3:53:02 PM GMT+5:30,202518059@dau.ac.in,Vasani Sahil Rajeshbhai,202518059,"Renewable-Energy-Solar-and-Wind-Prediction
Electricity-bill-prediction-ML ","Electricity-bill-prediction-ML in if we want to forecast or generate bill next month how much then we forecast...
solar and wind prediction in if any of the person want to solar panel then where place so that good amount of sun light ....",https://github.com/sahil-vasani,https://www.linkedin.com/in/sahil-vasani/,No,,Not Attended,Linear Regression;Wearable AI,,https://drive.google.com/u/0/open?usp=forms_web&id=18F16o3BL8rTeK-i2fOXfQ7sfXR7_GcSR,Yes,,
